,fid_score,model_name,clip_value
0,84.63506650856414,WGAN,0.6394267984578837
1,91.48249134956342,WGAN,0.025010755222666936
2,73.75020071811596,WGAN,0.27502931836911926
3,77.30627745687985,WGAN,0.22321073814882275
4,79.04180951997049,WGAN,0.7364712141640124
