,D_loss,G_loss,clip_value,size
0,2.586841583251953e-05,1.2070722579956055,0.6394267984578837,5
1,0.0006170272827148438,9.03645133972168,0.025010755222666936,5
2,0.0024276375770568848,-0.708919107913971,0.27502931836911926,5
3,-0.00030994415283203125,14.79940414428711,0.22321073814882275,5
4,-12.630279541015625,-311.39990234375,0.7364712141640124,5
