,time,clip_value
0,2491.3425891399384,0.22321073814882275
1,2469.015503883362,0.7364712141640124
