,fid_score,model_name,disc_iter
0,110.18108332381385,LSGAN,1
1,87.6837771909216,LSGAN,2
2,748.3764249272614,LSGAN,5
