,time,disc_iter
0,1392.3789536952972,1
1,1231.3823001384735,2
2,1122.4315385818481,5
