,D_loss,G_loss,disc_iter,size
0,0.2563930153846741,0.15978235006332397,1,5
1,0.0981326550245285,0.43146616220474243,2,5
2,0.00037581086507998407,0.9667646884918213,5,5
