,D_loss,G_loss,disc_iter,size
0,0.4574974477291107,1.3131811618804932,1,5
1,1.3474143743515015,0.723995566368103,2,5
2,0.05104043707251549,6.601523399353027,5,5
