,time,disc_iter
0,1432.901184797287,1
1,1206.4707913398743,2
2,1106.1299815177917,5
