,fid_score,model_name,disc_iter
0,90.07798310891295,WGAN_GP,1
1,74.06797351109273,WGAN_GP,2
2,68.67802360138984,WGAN_GP,5
