,D_loss,G_loss,disc_iter,size
0,0.03096771240234375,-57.30742645263672,1,5
1,356.878173828125,-3659.668701171875,2,5
2,-12615.345703125,4309.2841796875,5,5
