,D_loss,G_loss,disc_iter,size
0,0.02937239781022072,-23.070053100585938,1,5
1,0.18904563784599304,-20.470577239990234,2,5
2,-0.20495948195457458,-12.083284378051758,5,5
