,time,disc_iter
0,3489.836542367935,1
1,3176.0141026973724,2
2,2975.6458098888397,5
