,time,disc_iter
0,2549.4545860290527,1
1,2175.857366323471,2
2,1960.107980966568,5
