,fid_score,model_name,disc_iter
0,107.82997978596165,WGAN,1
1,109.52121333833816,WGAN,2
2,450.62705528484423,WGAN,5
