,D_loss,G_loss,batchnorm_False,size
0,0.15778213739395142,0.3789154291152954,1,5
