,D_loss,G_loss,batchnorm_False,size
0,1.3744999170303345,0.6588554382324219,1,5
