,D_loss,G_loss,batchnorm_False,size
0,0.0001742839813232422,2.516084671020508,1,5
