,D_loss,G_loss,batchnorm_False,size
0,-0.014601163566112518,12.457170486450195,1,5
