,time,lr
0,1360.234486579895,0.1
1,1410.9476759433746,0.01
2,1415.1067097187042,0.001
3,1415.2288556098938,0.0001
4,1410.5028157234192,1e-05
