,time,lr
0,1230.579829454422,0.1
1,1247.7763435840607,0.01
2,1243.197135925293,0.001
3,1240.0651235580444,0.0001
4,1231.6214926242828,1e-05
