,time,lr
0,3275.7927095890045,0.1
1,3294.7789163589478,0.01
2,3304.8495173454285,0.001
3,3304.866670370102,0.0001
4,3298.593989610672,1e-05
