,D_loss,G_loss,lr,size
0,0.0,-1.0,0.1,5
1,0.0,-1.0,0.01,5
2,-0.980334997177124,-0.0005088424077257514,0.001,5
3,-0.2850910425186157,-0.33932727575302124,0.0001,5
4,-0.9383123517036438,-0.02530805580317974,1e-05,5
