,fid_score,model_name,penalty
0,93.69823034281296,WGAN_GP,20.000000000000004
1,78.91044198725925,WGAN_GP,29.906975624424415
2,74.25035947332441,WGAN_GP,44.721359549995796
3,77.78094124160606,WGAN_GP,66.87403049764221
4,69.35549355221528,WGAN_GP,100.0
