,time,penalty
0,3172.7069618701935,20.000000000000004
1,3152.677165031433,29.906975624424415
2,3143.67516374588,44.721359549995796
3,3128.2990217208862,66.87403049764221
4,3134.120190858841,100.0
