,D_loss,G_loss,batchnorm_true,size
0,0.0793369710445404,1.0759429931640625,1,5
