,Unnamed: 0,time,batchnorm
0,0,1253.5615346431732,1
0,0,1219.5106868743896,0
