,D_loss,G_loss,batchnorm_true,size
0,1.361952543258667,0.7925996780395508,1,5
