,D_loss,G_loss,batchnorm_true,size
0,-0.042048171162605286,-17.020694732666016,1,5
