,Unnamed: 0,fid_score,model_name,batchnorm
0,0,88.42282845840532,WGAN,1
0,0,89.01321103366826,WGAN,0
