,D_loss,G_loss,batchnorm_true,size
0,-0.00015473365783691406,-0.43784070014953613,1,5
