,fid_score,model_name,beta
0,72.86785423506552,WGAN,0.6394267984578837
1,114.07800407802927,WGAN,0.025010755222666936
2,96.79346788811313,WGAN,0.27502931836911926
3,79.66337039309863,WGAN,0.22321073814882275
4,75.30567302649666,WGAN,0.7364712141640124
