,time,beta
0,2556.6240537166595,0.27502931836911926
1,2568.8519456386566,0.22321073814882275
2,2537.1622490882874,0.7364712141640124
